Nom complet,Email,Mot de passe,Téléphone,Rôle,Code étudiant
Yassine Khelifi,yassine.khelifi@student.pythagore.tn,Test123!,+216 55 100 001,student,STU-2025-0001
Salma Mansour,salma.mansour@student.pythagore.tn,Test123!,+216 55 100 002,student,STU-2025-0002
Mohamed Gharbi,mohamed.gharbi@student.pythagore.tn,Test123!,+216 55 100 003,student,STU-2025-0003
Amira Bouazizi,amira.bouazizi@student.pythagore.tn,Test123!,+216 55 100 004,student,STU-2025-0004
Khalil Jaziri,khalil.jaziri@student.pythagore.tn,Test123!,+216 55 100 005,student,STU-2025-0005
Nour Hamdi,nour.hamdi@student.pythagore.tn,Test123!,+216 55 100 006,student,STU-2025-0006
Rami Dridi,rami.dridi@student.pythagore.tn,Test123!,+216 55 100 007,student,STU-2025-0007
Ines Mejri,ines.mejri@student.pythagore.tn,Test123!,+216 55 100 008,student,STU-2025-0008
Omar Sassi,omar.sassi@student.pythagore.tn,Test123!,+216 55 100 009,student,STU-2025-0009
Leila Chouchane,leila.chouchane@student.pythagore.tn,Test123!,+216 55 100 010,student,STU-2025-0010
Karim Belhadj,karim.belhadj@student.pythagore.tn,Test123!,+216 55 100 011,student,STU-2025-0011
Sara Ferchichi,sara.ferchichi@student.pythagore.tn,Test123!,+216 55 100 012,student,STU-2025-0012
Ali Mzoughi,ali.mzoughi@student.pythagore.tn,Test123!,+216 55 100 013,student,STU-2025-0013
Hiba Chaabane,hiba.chaabane@student.pythagore.tn,Test123!,+216 55 100 014,student,STU-2025-0014
Sami Bouzid,sami.bouzid@student.pythagore.tn,Test123!,+216 55 100 015,student,STU-2025-0015
Manager Pythagore,manager@pythagore.tn,Manager123!,+216 53 518 054,staff,MGR-2025-0001
